"Index","FullName","Name","MB","LastWriteTime"
"1","E:\PIc\PIC\Новая папка\image.jpg","image.jpg","0.21","15.06.2026 16:48:13"
"2","E:\PIc\PIC\Новая папка\image (1).jpg","image (1).jpg","0.22","15.06.2026 16:48:27"
"3","E:\PIc\PIC\Новая папка\image (2).jpg","image (2).jpg","0.23","15.06.2026 16:48:39"
"4","E:\PIc\PIC\Новая папка\image (3).jpg","image (3).jpg","0.22","15.06.2026 16:48:45"
"5","E:\PIc\PIC\Новая папка\image (4).jpg","image (4).jpg","0.22","15.06.2026 16:48:51"
"6","E:\PIc\PIC\Новая папка\image (5).jpg","image (5).jpg","0.22","15.06.2026 16:48:57"
"7","E:\PIc\PIC\Новая папка\image (6).jpg","image (6).jpg","0.21","15.06.2026 16:49:03"
"8","E:\PIc\PIC\Новая папка\image (7).jpg","image (7).jpg","0.22","15.06.2026 16:49:13"
"9","E:\PIc\PIC\Новая папка\image (8).jpg","image (8).jpg","0.21","15.06.2026 16:49:23"
"10","E:\PIc\PIC\Новая папка\image (9).jpg","image (9).jpg","0.21","15.06.2026 16:49:28"
"11","E:\PIc\PIC\Новая папка\image (10).jpg","image (10).jpg","0.21","15.06.2026 16:49:35"
"12","E:\PIc\PIC\Новая папка\image (11).jpg","image (11).jpg","0.23","15.06.2026 16:49:46"
"13","E:\PIc\PIC\Новая папка\image (12).jpg","image (12).jpg","0.22","15.06.2026 16:49:54"
"14","E:\PIc\PIC\Новая папка\image (13).jpg","image (13).jpg","0.22","15.06.2026 16:50:00"
"15","E:\PIc\PIC\Новая папка\image (14).jpg","image (14).jpg","0.21","15.06.2026 16:50:05"
"16","E:\PIc\PIC\Новая папка\image (15).jpg","image (15).jpg","0.2","15.06.2026 16:51:01"
"17","E:\PIc\PIC\Новая папка\image (16).jpg","image (16).jpg","0.21","15.06.2026 16:51:07"
"18","E:\PIc\PIC\Новая папка\image (17).jpg","image (17).jpg","0.2","15.06.2026 16:51:12"
"19","E:\PIc\PIC\Новая папка\image (18).jpg","image (18).jpg","0.19","15.06.2026 16:51:17"
"20","E:\PIc\PIC\Новая папка\image (19).jpg","image (19).jpg","0.22","15.06.2026 16:51:22"
"21","E:\PIc\PIC\Новая папка\image (20).jpg","image (20).jpg","0.21","15.06.2026 16:51:27"
"22","E:\PIc\PIC\Новая папка\image (21).jpg","image (21).jpg","0.19","15.06.2026 16:51:38"
"23","E:\PIc\PIC\Новая папка\image (22).jpg","image (22).jpg","0.22","15.06.2026 16:51:43"
"24","E:\PIc\PIC\Новая папка\image (23).jpg","image (23).jpg","0.21","15.06.2026 16:51:49"
"25","E:\PIc\PIC\Новая папка\image (24).jpg","image (24).jpg","0.23","15.06.2026 16:51:58"
"26","E:\PIc\PIC\Новая папка\image (25).jpg","image (25).jpg","0.22","15.06.2026 16:52:04"
"27","E:\PIc\PIC\Новая папка\image (26).jpg","image (26).jpg","0.19","15.06.2026 16:52:08"
"28","E:\PIc\PIC\Новая папка\image (27).jpg","image (27).jpg","0.22","15.06.2026 16:52:14"
"29","E:\PIc\PIC\Новая папка\image (28).jpg","image (28).jpg","0.22","15.06.2026 16:52:20"
"30","E:\PIc\PIC\Новая папка\image (29).jpg","image (29).jpg","0.21","15.06.2026 16:52:28"
"31","E:\PIc\PIC\Новая папка\image (30).jpg","image (30).jpg","0.21","15.06.2026 16:52:38"
"32","E:\PIc\PIC\Новая папка\image (31).jpg","image (31).jpg","0.21","15.06.2026 16:52:44"
"33","E:\PIc\PIC\Новая папка\image (32).jpg","image (32).jpg","0.22","15.06.2026 16:52:49"
"34","E:\PIc\PIC\Новая папка\image (33).jpg","image (33).jpg","0.2","15.06.2026 16:52:55"
"35","E:\PIc\PIC\Новая папка\image (34).jpg","image (34).jpg","0.18","15.06.2026 16:53:00"
"36","E:\PIc\PIC\Новая папка\image (35).jpg","image (35).jpg","0.21","15.06.2026 16:53:37"
"37","E:\PIc\PIC\Новая папка\Generated Image June 15, 2026 - 4_46PM.jpg","Generated Image June 15, 2026 - 4_46PM.jpg","0.6","15.06.2026 16:54:36"
"38","E:\PIc\PIC\Новая папка\Generated Image June 15, 2026 - 11_34PM.jpg","Generated Image June 15, 2026 - 11_34PM.jpg","2.01","15.06.2026 23:35:46"
"39","E:\PIc\PIC\Новая папка\Generated Image June 15, 2026 - 11_32PM.jpg","Generated Image June 15, 2026 - 11_32PM.jpg","2","15.06.2026 23:36:01"
"40","E:\PIc\PIC\Новая папка\Generated Image June 15, 2026 - 11_34PM (1).jpg","Generated Image June 15, 2026 - 11_34PM (1).jpg","2.27","15.06.2026 23:36:13"
"41","E:\PIc\PIC\Новая папка\Generated Image June 15, 2026 - 11_37PM.jpg","Generated Image June 15, 2026 - 11_37PM.jpg","2.39","15.06.2026 23:37:16"
"42","E:\PIc\PIC\Новая папка\Generated Image June 15, 2026 - 11_39PM.jpg","Generated Image June 15, 2026 - 11_39PM.jpg","2.51","15.06.2026 23:39:23"
"43","E:\PIc\PIC\Новая папка\Generated Image June 15, 2026 - 11_41PM.jpg","Generated Image June 15, 2026 - 11_41PM.jpg","2.93","15.06.2026 23:41:38"
"44","E:\PIc\PIC\Новая папка\Generated Image June 15, 2026 - 11_44PM.jpg","Generated Image June 15, 2026 - 11_44PM.jpg","2.93","15.06.2026 23:45:39"
"45","E:\PIc\PIC\Новая папка\Generated Image June 15, 2026 - 11_44PM (1).jpg","Generated Image June 15, 2026 - 11_44PM (1).jpg","2.51","15.06.2026 23:45:52"
"46","E:\PIc\PIC\Новая папка\Generated Image June 15, 2026 - 11_55PM.jpg","Generated Image June 15, 2026 - 11_55PM.jpg","1.98","15.06.2026 23:55:43"
"47","E:\PIc\PIC\Новая папка\Generated Image June 15, 2026 - 11_58PM.jpg","Generated Image June 15, 2026 - 11_58PM.jpg","2.04","15.06.2026 23:58:34"
"48","E:\PIc\PIC\Новая папка\Generated Image June 15, 2026 - 11_59PM.jpg","Generated Image June 15, 2026 - 11_59PM.jpg","2.12","16.06.2026 00:00:19"
"49","E:\PIc\PIC\Новая папка\Generated Image June 16, 2026 - 12_02AM.jpg","Generated Image June 16, 2026 - 12_02AM.jpg","2.15","16.06.2026 00:02:54"
"50","E:\PIc\PIC\Новая папка\Generated Image June 16, 2026 - 12_03AM.jpg","Generated Image June 16, 2026 - 12_03AM.jpg","2.33","16.06.2026 00:04:06"
"51","E:\PIc\PIC\Новая папка\Generated Image June 16, 2026 - 12_04AM.jpg","Generated Image June 16, 2026 - 12_04AM.jpg","2.82","16.06.2026 00:05:05"
"52","E:\PIc\PIC\Новая папка\Generated Image June 16, 2026 - 12_06AM.jpg","Generated Image June 16, 2026 - 12_06AM.jpg","2.89","16.06.2026 00:06:14"
"53","E:\PIc\PIC\Новая папка\Generated Image June 16, 2026 - 12_07AM.jpg","Generated Image June 16, 2026 - 12_07AM.jpg","3.33","16.06.2026 00:07:22"
"54","E:\PIc\PIC\Новая папка\Generated Image June 16, 2026 - 12_07AM (1).jpg","Generated Image June 16, 2026 - 12_07AM (1).jpg","3.33","16.06.2026 00:07:22"
"55","E:\PIc\PIC\Новая папка\Generated Image June 16, 2026 - 12_09AM.jpg","Generated Image June 16, 2026 - 12_09AM.jpg","4.05","16.06.2026 00:09:50"
"56","E:\PIc\PIC\Новая папка\Generated Image June 16, 2026 - 12_11AM.jpg","Generated Image June 16, 2026 - 12_11AM.jpg","4.95","16.06.2026 00:11:57"
"57","E:\PIc\PIC\Новая папка\Generated Image June 16, 2026 - 12_13AM.jpg","Generated Image June 16, 2026 - 12_13AM.jpg","5.83","16.06.2026 00:13:59"
"58","E:\PIc\PIC\Новая папка\Generated Image June 16, 2026 - 12_16AM.jpg","Generated Image June 16, 2026 - 12_16AM.jpg","7.37","16.06.2026 00:16:55"
"59","E:\PIc\PIC\Новая папка\Generated Image June 16, 2026 - 12_19AM.jpg","Generated Image June 16, 2026 - 12_19AM.jpg","1.93","16.06.2026 00:19:52"
"60","E:\PIc\PIC\Новая папка\Generated Image June 16, 2026 - 12_21AM.jpg","Generated Image June 16, 2026 - 12_21AM.jpg","1.98","16.06.2026 00:21:20"
"61","E:\PIc\PIC\Новая папка\Generated Image June 16, 2026 - 9_51AM.png","Generated Image June 16, 2026 - 9_51AM.png","1.98","16.06.2026 09:51:27"
"62","E:\PIc\PIC\Новая папка\Gemini_Generated_Image_h8ugpph8ugpph8ug.png","Gemini_Generated_Image_h8ugpph8ugpph8ug.png","6.47","16.06.2026 10:56:46"
"63","E:\PIc\PIC\Новая папка\Gemini_Generated_Image_4jhbtu4jhbtu4jhb.png","Gemini_Generated_Image_4jhbtu4jhbtu4jhb.png","6.61","16.06.2026 11:05:33"
"64","E:\PIc\PIC\Новая папка\Gemini_Generated_Image_vynpudvynpudvynp.png","Gemini_Generated_Image_vynpudvynpudvynp.png","6.47","16.06.2026 11:05:57"
"65","E:\PIc\PIC\Новая папка\watermarked_img_4208607167267060730.jpg","watermarked_img_4208607167267060730.jpg","0.08","16.06.2026 11:06:06"
"66","E:\PIc\PIC\Новая папка\Gemini_Generated_Image_h8ugpph8ugpph8ug (1).png","Gemini_Generated_Image_h8ugpph8ugpph8ug (1).png","6.47","16.06.2026 11:06:13"
"67","E:\PIc\PIC\Новая папка\Gemini_Generated_Image_r4k7p1r4k7p1r4k7.png","Gemini_Generated_Image_r4k7p1r4k7p1r4k7.png","6.2","16.06.2026 11:06:29"
"68","E:\PIc\PIC\Новая папка\Gemini_Generated_Image_v5mcdxv5mcdxv5mc.png","Gemini_Generated_Image_v5mcdxv5mcdxv5mc.png","6.43","16.06.2026 11:06:41"
"69","E:\PIc\PIC\Новая папка\Gemini_Generated_Image_psdwsnpsdwsnpsdw.png","Gemini_Generated_Image_psdwsnpsdwsnpsdw.png","6.42","16.06.2026 11:06:53"
"70","E:\PIc\PIC\Новая папка\Gemini_Generated_Image_55lxtw55lxtw55lx.png","Gemini_Generated_Image_55lxtw55lxtw55lx.png","6.98","16.06.2026 11:07:11"
"71","E:\PIc\PIC\Новая папка\Generated Image June 16, 2026 - 11_10AM.jpg","Generated Image June 16, 2026 - 11_10AM.jpg","1.97","16.06.2026 11:10:40"
"72","E:\PIc\PIC\Новая папка\Generated Image June 16, 2026 - 11_14AM.jpg","Generated Image June 16, 2026 - 11_14AM.jpg","2.05","16.06.2026 11:14:39"
"73","E:\PIc\PIC\Новая папка\Generated Image June 16, 2026 - 11_16AM.jpg","Generated Image June 16, 2026 - 11_16AM.jpg","2.07","16.06.2026 11:16:24"
"74","E:\PIc\PIC\Новая папка\Generated Image June 16, 2026 - 11_17AM.jpg","Generated Image June 16, 2026 - 11_17AM.jpg","2.21","16.06.2026 11:17:42"
"75","E:\PIc\PIC\Новая папка\Generated Image June 16, 2026 - 11_19AM.jpg","Generated Image June 16, 2026 - 11_19AM.jpg","2.36","16.06.2026 11:19:24"
"76","E:\PIc\PIC\Новая папка\Generated Image June 16, 2026 - 11_21AM.jpg","Generated Image June 16, 2026 - 11_21AM.jpg","2.64","16.06.2026 11:22:05"
"77","E:\PIc\PIC\Новая папка\Generated Image June 16, 2026 - 11_25AM.jpg","Generated Image June 16, 2026 - 11_25AM.jpg","4.03","16.06.2026 11:26:15"
"78","E:\PIc\PIC\Новая папка\Generated Image June 16, 2026 - 11_24AM.jpg","Generated Image June 16, 2026 - 11_24AM.jpg","3.24","16.06.2026 11:26:24"
"79","E:\PIc\PIC\Новая папка\Generated Image June 16, 2026 - 11_26AM.jpg","Generated Image June 16, 2026 - 11_26AM.jpg","2.9","16.06.2026 11:26:28"
"80","E:\PIc\PIC\Новая папка\Generated Image June 16, 2026 - 11_26AM (1).jpg","Generated Image June 16, 2026 - 11_26AM (1).jpg","2.64","16.06.2026 11:26:34"
"81","E:\PIc\PIC\Новая папка\Generated Image June 16, 2026 - 11_29AM.jpg","Generated Image June 16, 2026 - 11_29AM.jpg","5.98","16.06.2026 11:31:19"
"82","E:\PIc\PIC\Новая папка\Generated Image June 16, 2026 - 11_32AM.jpg","Generated Image June 16, 2026 - 11_32AM.jpg","7.32","16.06.2026 11:33:14"
"83","E:\PIc\PIC\Новая папка\Generated Image June 16, 2026 - 11_34AM.jpg","Generated Image June 16, 2026 - 11_34AM.jpg","2.09","16.06.2026 11:53:09"
"84","E:\PIc\PIC\Новая папка\Generated Image June 16, 2026 - 11_54AM.jpg","Generated Image June 16, 2026 - 11_54AM.jpg","2.22","16.06.2026 11:54:50"
"85","E:\PIc\PIC\Новая папка\Generated Image June 16, 2026 - 11_56AM.jpg","Generated Image June 16, 2026 - 11_56AM.jpg","2.04","16.06.2026 11:57:02"
"86","E:\PIc\PIC\Новая папка\Generated Image June 16, 2026 - 11_58AM.jpg","Generated Image June 16, 2026 - 11_58AM.jpg","2.02","16.06.2026 11:58:24"
"87","E:\PIc\PIC\Новая папка\Generated Image June 16, 2026 - 12_02PM.jpg","Generated Image June 16, 2026 - 12_02PM.jpg","1.97","16.06.2026 12:02:28"
"88","E:\PIc\PIC\Новая папка\Generated Image June 16, 2026 - 12_03PM.jpg","Generated Image June 16, 2026 - 12_03PM.jpg","2.05","16.06.2026 12:04:09"
"89","E:\PIc\PIC\Новая папка\Generated Image June 16, 2026 - 12_03PM (1).jpg","Generated Image June 16, 2026 - 12_03PM (1).jpg","2.05","16.06.2026 12:52:17"
"90","E:\PIc\PIC\Новая папка\Generated Image June 16, 2026 - 12_54PM.jpg","Generated Image June 16, 2026 - 12_54PM.jpg","1.99","16.06.2026 12:55:07"
"91","E:\PIc\PIC\Новая папка\Generated Image June 16, 2026 - 1_09PM.jpg","Generated Image June 16, 2026 - 1_09PM.jpg","1.95","16.06.2026 13:09:14"
"92","E:\PIc\PIC\Новая папка\Generated Image June 16, 2026 - 2_52PM.jpg","Generated Image June 16, 2026 - 2_52PM.jpg","2.23","16.06.2026 15:08:13"
"93","E:\PIc\PIC\Новая папка\Generated Image June 16, 2026 - 3_08PM.jpg","Generated Image June 16, 2026 - 3_08PM.jpg","1.97","16.06.2026 15:08:22"
"94","E:\PIc\PIC\Новая папка\Generated Image June 16, 2026 - 3_13PM.jpg","Generated Image June 16, 2026 - 3_13PM.jpg","0.58","16.06.2026 15:15:26"
"95","E:\PIc\PIC\Новая папка\Generated Image June 16, 2026 - 3_28PM.jpg","Generated Image June 16, 2026 - 3_28PM.jpg","0.63","16.06.2026 15:28:55"
"96","E:\PIc\PIC\Новая папка\Generated Image June 16, 2026 - 3_28PM (1).jpg","Generated Image June 16, 2026 - 3_28PM (1).jpg","0.62","16.06.2026 15:28:59"
"97","E:\PIc\PIC\Новая папка\Generated Image June 16, 2026 - 3_28PM (2).jpg","Generated Image June 16, 2026 - 3_28PM (2).jpg","0.58","16.06.2026 15:29:01"
"98","E:\PIc\PIC\Новая папка\Generated Image June 16, 2026 - 3_29PM.jpg","Generated Image June 16, 2026 - 3_29PM.jpg","0.65","16.06.2026 15:29:14"
"99","E:\PIc\PIC\Новая папка\Generated Image June 16, 2026 - 3_29PM (1).jpg","Generated Image June 16, 2026 - 3_29PM (1).jpg","0.73","16.06.2026 15:29:16"
"100","E:\PIc\PIC\Новая папка\Generated Image June 16, 2026 - 3_29PM (2).jpg","Generated Image June 16, 2026 - 3_29PM (2).jpg","0.79","16.06.2026 15:29:20"
"101","E:\PIc\PIC\Новая папка\Generated Image June 16, 2026 - 3_41PM.jpg","Generated Image June 16, 2026 - 3_41PM.jpg","2.62","16.06.2026 15:43:44"
"102","E:\PIc\PIC\Новая папка\Generated Image June 16, 2026 - 3_43PM.jpg","Generated Image June 16, 2026 - 3_43PM.jpg","2.3","16.06.2026 15:43:52"
"103","E:\PIc\PIC\Новая папка\Generated Image June 16, 2026 - 3_46PM.jpg","Generated Image June 16, 2026 - 3_46PM.jpg","2.8","16.06.2026 15:46:22"
"104","E:\PIc\PIC\Новая папка\Generated Image June 16, 2026 - 3_50PM.jpg","Generated Image June 16, 2026 - 3_50PM.jpg","3.31","16.06.2026 15:50:45"
"105","E:\PIc\PIC\Новая папка\Generated Image June 16, 2026 - 4_21PM.jpg","Generated Image June 16, 2026 - 4_21PM.jpg","3.58","16.06.2026 16:21:10"
"106","E:\PIc\PIC\Новая папка\Generated Image June 16, 2026 - 4_25PM.jpg","Generated Image June 16, 2026 - 4_25PM.jpg","4.37","16.06.2026 16:25:31"
"107","E:\PIc\PIC\Новая папка\Generated Image June 16, 2026 - 4_28PM.jpg","Generated Image June 16, 2026 - 4_28PM.jpg","5.25","16.06.2026 16:28:46"
"108","E:\PIc\PIC\Новая папка\Generated Image June 16, 2026 - 4_30PM.jpg","Generated Image June 16, 2026 - 4_30PM.jpg","6.58","16.06.2026 16:30:44"
"109","E:\PIc\PIC\Новая папка\Generated Image June 16, 2026 - 4_32PM.jpg","Generated Image June 16, 2026 - 4_32PM.jpg","8.06","16.06.2026 16:35:44"
"110","E:\PIc\PIC\Новая папка\Generated Image June 16, 2026 - 4_37PM.jpg","Generated Image June 16, 2026 - 4_37PM.jpg","2.11","16.06.2026 16:37:16"
"111","E:\PIc\PIC\Новая папка\Generated Image June 16, 2026 - 4_42PM.jpg","Generated Image June 16, 2026 - 4_42PM.jpg","2.01","16.06.2026 16:43:07"
"112","E:\PIc\PIC\Новая папка\Generated Image June 16, 2026 - 4_45PM.jpg","Generated Image June 16, 2026 - 4_45PM.jpg","1.97","16.06.2026 16:45:17"
"113","E:\PIc\PIC\Новая папка\Generated Image June 16, 2026 - 4_46PM.jpg","Generated Image June 16, 2026 - 4_46PM.jpg","1.99","16.06.2026 16:46:51"
"114","E:\PIc\PIC\Новая папка\grok-image-635b4835-368c-4d8c-b53f-2ee947719501.jpg","grok-image-635b4835-368c-4d8c-b53f-2ee947719501.jpg","0.21","16.06.2026 23:43:23"
"115","E:\PIc\PIC\Новая папка\grok-image-0c0db68c-8b16-45b1-a60f-8134cea00109.jpg","grok-image-0c0db68c-8b16-45b1-a60f-8134cea00109.jpg","0.2","16.06.2026 23:43:28"
"116","E:\PIc\PIC\Новая папка\grok-image-ba3403da-8e31-4382-b3b5-061561ef56c8.jpg","grok-image-ba3403da-8e31-4382-b3b5-061561ef56c8.jpg","0.2","16.06.2026 23:43:30"
"117","E:\PIc\PIC\Новая папка\grok-image-4d1ebd21-522c-41c6-a5d5-21dcf5bdcdc6.jpg","grok-image-4d1ebd21-522c-41c6-a5d5-21dcf5bdcdc6.jpg","0.19","16.06.2026 23:43:33"
"118","E:\PIc\PIC\Новая папка\grok-image-7688f6d5-682b-4e0c-bbd4-9725f7adebb7.jpg","grok-image-7688f6d5-682b-4e0c-bbd4-9725f7adebb7.jpg","0.2","16.06.2026 23:43:36"
"119","E:\PIc\PIC\Новая папка\grok-image-d05a0060-9460-47e7-9dff-2fb57c8fdb00.jpg","grok-image-d05a0060-9460-47e7-9dff-2fb57c8fdb00.jpg","0.21","16.06.2026 23:43:40"
"120","E:\PIc\PIC\Новая папка\grok-image-8828f1f4-80ab-40bc-98b4-8afdec95d755.jpg","grok-image-8828f1f4-80ab-40bc-98b4-8afdec95d755.jpg","0.17","16.06.2026 23:43:42"
"121","E:\PIc\PIC\Новая папка\grok-image-0d26673c-c8e7-4884-9578-d98a4efafbd8.jpg","grok-image-0d26673c-c8e7-4884-9578-d98a4efafbd8.jpg","0.18","16.06.2026 23:43:44"
"122","E:\PIc\PIC\Новая папка\grok-image-a38bb09e-c6e3-4a3c-88f9-a855aeadb0f2.jpg","grok-image-a38bb09e-c6e3-4a3c-88f9-a855aeadb0f2.jpg","0.19","16.06.2026 23:43:46"
"123","E:\PIc\PIC\Новая папка\grok-image-766529ac-cafb-4316-bea9-d0b7ae022c27.jpg","grok-image-766529ac-cafb-4316-bea9-d0b7ae022c27.jpg","0.2","16.06.2026 23:43:50"
"124","E:\PIc\PIC\Новая папка\grok-image-58c38632-33c0-444d-9ab0-96ae0cc12415.jpg","grok-image-58c38632-33c0-444d-9ab0-96ae0cc12415.jpg","0.2","16.06.2026 23:43:56"
"125","E:\PIc\PIC\Новая папка\Gemini_Generated_Image_o20wdgo20wdgo20w.png","Gemini_Generated_Image_o20wdgo20wdgo20w.png","6.04","16.06.2026 23:48:01"
"126","E:\PIc\PIC\Новая папка\1781645119440-019ed252-c354-7c33-9818-9d24c2908a8b.jpeg","1781645119440-019ed252-c354-7c33-9818-9d24c2908a8b.jpeg","0.24","17.06.2026 00:26:10"
"127","E:\PIc\PIC\Новая папка\1781644168851-019ed244-123e-76aa-b49c-b6cabe200842.png","1781644168851-019ed244-123e-76aa-b49c-b6cabe200842.png","1.43","17.06.2026 00:30:05"
"128","E:\PIc\PIC\Новая папка\1781645400613-019ed256-dd2b-7c61-a2c0-49aab14fd81c.jpeg","1781645400613-019ed256-dd2b-7c61-a2c0-49aab14fd81c.jpeg","0.76","17.06.2026 00:30:13"
"129","E:\PIc\PIC\Новая папка\1781645400941-019ed256-dd2b-745d-bdb3-843c93c7e7c4.jpeg","1781645400941-019ed256-dd2b-745d-bdb3-843c93c7e7c4.jpeg","0.35","17.06.2026 00:30:18"
"130","E:\PIc\PIC\Новая папка\1781645857362-019ed25d-e04d-707e-b331-4d256e968ac2.jpeg","1781645857362-019ed25d-e04d-707e-b331-4d256e968ac2.jpeg","0.35","17.06.2026 00:38:37"
"131","E:\PIc\PIC\Новая папка\1781646237449-019ed263-ac55-76e7-81d4-2b7197585fad.png","1781646237449-019ed263-ac55-76e7-81d4-2b7197585fad.png","1.23","17.06.2026 00:44:51"
"132","E:\PIc\PIC\Новая папка\1781646430374-019ed265-6032-7257-bee1-4b70001ab566.png","1781646430374-019ed265-6032-7257-bee1-4b70001ab566.png","1.35","17.06.2026 00:47:31"
"133","E:\PIc\PIC\Новая папка\1781646420664-019ed265-6032-77fe-9d6d-22d14d1f55a8.jpeg","1781646420664-019ed265-6032-77fe-9d6d-22d14d1f55a8.jpeg","0.76","17.06.2026 00:47:38"
"134","E:\PIc\PIC\Новая папка\1.jpg","1.jpg","0.62","17.06.2026 10:00:05"
