"Index","FullName","Name"
"1","E:\PIc\Amanda_Lora\00000-3374285936 (2).png","00000-3374285936 (2).png"
"2","E:\PIc\Amanda_Lora\00000-3374285936.png","00000-3374285936.png"
"3","E:\PIc\Amanda_Lora\00003-3374285936.png","00003-3374285936.png"
"4","E:\PIc\Amanda_Lora\00004-3374285936.png","00004-3374285936.png"
"5","E:\PIc\Amanda_Lora\00005-22178833555.png","00005-22178833555.png"
"6","E:\PIc\Amanda_Lora\00006-22178833555.png","00006-22178833555.png"
"7","E:\PIc\Amanda_Lora\00006-3374285936 (2).png","00006-3374285936 (2).png"
"8","E:\PIc\Amanda_Lora\00006-3374285936.png","00006-3374285936.png"
"9","E:\PIc\Amanda_Lora\00008-22178833555.png","00008-22178833555.png"
"10","E:\PIc\Amanda_Lora\00008-3374285936.png","00008-3374285936.png"
"11","E:\PIc\Amanda_Lora\00009-22178833555.png","00009-22178833555.png"
"12","E:\PIc\Amanda_Lora\00011-22178833555.png","00011-22178833555.png"
"13","E:\PIc\Amanda_Lora\00018-3374285936.png","00018-3374285936.png"
"14","E:\PIc\Amanda_Lora\00020-22178833555.png","00020-22178833555.png"
"15","E:\PIc\Amanda_Lora\00020-3374285936.png","00020-3374285936.png"
"16","E:\PIc\Amanda_Lora\00021-22178833555.png","00021-22178833555.png"
"17","E:\PIc\Amanda_Lora\00021-3374285936.png","00021-3374285936.png"
"18","E:\PIc\Amanda_Lora\00023-3374285936.png","00023-3374285936.png"
"19","E:\PIc\Amanda_Lora\00024-1.png","00024-1.png"
"20","E:\PIc\Amanda_Lora\00028-2247213133.png","00028-2247213133.png"
"21","E:\PIc\Amanda_Lora\00031-3374285936.png","00031-3374285936.png"
"22","E:\PIc\Amanda_Lora\00035-3374285936.png","00035-3374285936.png"
"23","E:\PIc\Amanda_Lora\00036-2247213133.png","00036-2247213133.png"
"24","E:\PIc\Amanda_Lora\00036-3374285936.png","00036-3374285936.png"
"25","E:\PIc\Amanda_Lora\00037-2247213133.png","00037-2247213133.png"
"26","E:\PIc\Amanda_Lora\00038-2247213133.png","00038-2247213133.png"
"27","E:\PIc\Amanda_Lora\00038-3374285936.png","00038-3374285936.png"
"28","E:\PIc\Amanda_Lora\00040-2178833555.png","00040-2178833555.png"
"29","E:\PIc\Amanda_Lora\00040-3374285936.png","00040-3374285936.png"
"30","E:\PIc\Amanda_Lora\00042-3613127865.png","00042-3613127865.png"
"31","E:\PIc\Amanda_Lora\00043-2178833555.png","00043-2178833555.png"
"32","E:\PIc\Amanda_Lora\00044-2178833555.png","00044-2178833555.png"
"33","E:\PIc\Amanda_Lora\00044-3374285936.png","00044-3374285936.png"
"34","E:\PIc\Amanda_Lora\00045-1343050367.png","00045-1343050367.png"
"35","E:\PIc\Amanda_Lora\00045-2178833555.png","00045-2178833555.png"
"36","E:\PIc\Amanda_Lora\00045-3374285936.png","00045-3374285936.png"
"37","E:\PIc\Amanda_Lora\00050-22178833555.png","00050-22178833555.png"
"38","E:\PIc\Amanda_Lora\00055-22178833555.png","00055-22178833555.png"
"39","E:\PIc\Amanda_Lora\00058-22178833555.png","00058-22178833555.png"
"40","E:\PIc\Amanda_Lora\00058-3374285936.png","00058-3374285936.png"
"41","E:\PIc\Amanda_Lora\00064-3374285936.png","00064-3374285936.png"
"42","E:\PIc\Amanda_Lora\00067-504370340.png","00067-504370340.png"
"43","E:\PIc\Amanda_Lora\00070-22178833555.png","00070-22178833555.png"
"44","E:\PIc\Amanda_Lora\00073-22178833555.png","00073-22178833555.png"
"45","E:\PIc\Amanda_Lora\00074-22178833555.png","00074-22178833555.png"
"46","E:\PIc\Amanda_Lora\00092-2779074548.png","00092-2779074548.png"
"47","E:\PIc\Amanda_Lora\00094-2779074548.png","00094-2779074548.png"
"48","E:\PIc\Amanda_Lora\00096-1420979501.png","00096-1420979501.png"
"49","E:\PIc\Amanda_Lora\08025e55-77f5-4927-baa0-42772ab04f24.jpg","08025e55-77f5-4927-baa0-42772ab04f24.jpg"
"50","E:\PIc\Amanda_Lora\amanda_intimate_lap_01.jpg","amanda_intimate_lap_01.jpg"
"51","E:\PIc\Amanda_Lora\Amanda_neitral_V1.png","Amanda_neitral_V1.png"
"52","E:\PIc\Amanda_Lora\Amanda_portret_V1.png","Amanda_portret_V1.png"
"53","E:\PIc\Amanda_Lora\Amanda_portret_V2.png","Amanda_portret_V2.png"
"54","E:\PIc\Amanda_Lora\Amanda_portret_V3.png","Amanda_portret_V3.png"
"55","E:\PIc\Amanda_Lora\Amanda_smail_V1.png","Amanda_smail_V1.png"
"56","E:\PIc\Amanda_Lora\image (15).jpg","image (15).jpg"
"57","E:\PIc\Amanda_Lora\image (16).jpg","image (16).jpg"
"58","E:\PIc\Amanda_Lora\image (17).jpg","image (17).jpg"
"59","E:\PIc\Amanda_Lora\new amanda\00007-3374285936.png","00007-3374285936.png"
"60","E:\PIc\Amanda_Lora\new amanda\00043-3374285936.png","00043-3374285936.png"
"61","E:\PIc\Amanda_Lora\new amanda\10367689210078385710.jpg","10367689210078385710.jpg"
"62","E:\PIc\Amanda_Lora\new amanda\11302515937253253666.jpg","11302515937253253666.jpg"
"63","E:\PIc\Amanda_Lora\new amanda\11568888597818126893.jpg","11568888597818126893.jpg"
"64","E:\PIc\Amanda_Lora\new amanda\12959519005425439576.jpg","12959519005425439576.jpg"
"65","E:\PIc\Amanda_Lora\new amanda\16339484781062436062.jpg","16339484781062436062.jpg"
"66","E:\PIc\Amanda_Lora\new amanda\17065938525598583012.jpg","17065938525598583012.jpg"
"67","E:\PIc\Amanda_Lora\new amanda\1835381538752810948.jpg","1835381538752810948.jpg"
"68","E:\PIc\Amanda_Lora\new amanda\1efec9d8-1eba-40ad-85d1-c8fee23800ac.png","1efec9d8-1eba-40ad-85d1-c8fee23800ac.png"
"69","E:\PIc\Amanda_Lora\new amanda\224d38b2-5a44-4ff4-b63f-3788abeb52cc.png","224d38b2-5a44-4ff4-b63f-3788abeb52cc.png"
"70","E:\PIc\Amanda_Lora\new amanda\2305084471489590796.jpg","2305084471489590796.jpg"
"71","E:\PIc\Amanda_Lora\new amanda\2523273577122146733.jpg","2523273577122146733.jpg"
"72","E:\PIc\Amanda_Lora\new amanda\269f9f37-5c14-4e9f-87d0-861bdf31ba3a.png","269f9f37-5c14-4e9f-87d0-861bdf31ba3a.png"
"73","E:\PIc\Amanda_Lora\new amanda\3215900624695089684.jpg","3215900624695089684.jpg"
"74","E:\PIc\Amanda_Lora\new amanda\32d1262b-81d4-449b-90cc-4113d1963012.png","32d1262b-81d4-449b-90cc-4113d1963012.png"
"75","E:\PIc\Amanda_Lora\new amanda\3e3091d8-3a11-4793-a52f-37da26780e72.png","3e3091d8-3a11-4793-a52f-37da26780e72.png"
"76","E:\PIc\Amanda_Lora\new amanda\4011940908331287282.jpg","4011940908331287282.jpg"
"77","E:\PIc\Amanda_Lora\new amanda\429741d3-04c2-4e82-9fa0-35709d459337.png","429741d3-04c2-4e82-9fa0-35709d459337.png"
"78","E:\PIc\Amanda_Lora\new amanda\5116369971203444338.jpg","5116369971203444338.jpg"
"79","E:\PIc\Amanda_Lora\new amanda\5570ac82-09fd-414b-9340-5d7f9570a715.png","5570ac82-09fd-414b-9340-5d7f9570a715.png"
"80","E:\PIc\Amanda_Lora\new amanda\57a3a18e-53f0-485e-ba3b-c68079215d64.png","57a3a18e-53f0-485e-ba3b-c68079215d64.png"
"81","E:\PIc\Amanda_Lora\new amanda\60b7541b-0566-40e2-8a34-1844bf2f1767.png","60b7541b-0566-40e2-8a34-1844bf2f1767.png"
"82","E:\PIc\Amanda_Lora\new amanda\62da4348-13ba-47e5-affc-70b0c7fe4db3.png","62da4348-13ba-47e5-affc-70b0c7fe4db3.png"
"83","E:\PIc\Amanda_Lora\new amanda\7d27650b-1459-4d2c-afae-b4674ff93f02.png","7d27650b-1459-4d2c-afae-b4674ff93f02.png"
"84","E:\PIc\Amanda_Lora\new amanda\8ca4b3b1-1744-4db6-8878-40d06123637c.png","8ca4b3b1-1744-4db6-8878-40d06123637c.png"
"85","E:\PIc\Amanda_Lora\new amanda\9306061413685624619.jpg","9306061413685624619.jpg"
"86","E:\PIc\Amanda_Lora\new amanda\9d69b74f-4fe2-4f96-bbf5-ea74a94ce6d2.png","9d69b74f-4fe2-4f96-bbf5-ea74a94ce6d2.png"
"87","E:\PIc\Amanda_Lora\new amanda\9fbaa2e1-c537-4420-b843-e791d5483c15.png","9fbaa2e1-c537-4420-b843-e791d5483c15.png"
"88","E:\PIc\Amanda_Lora\new amanda\9fdbd0e2-572b-4765-b757-1080a328c83d.png","9fdbd0e2-572b-4765-b757-1080a328c83d.png"
"89","E:\PIc\Amanda_Lora\new amanda\Без названия (1).png","Без названия (1).png"
"90","E:\PIc\Amanda_Lora\new amanda\Без названия (2).png","Без названия (2).png"
"91","E:\PIc\Amanda_Lora\new amanda\Без названия (3).png","Без названия (3).png"
"92","E:\PIc\Amanda_Lora\new amanda\Без названия (4).png","Без названия (4).png"
"93","E:\PIc\Amanda_Lora\new amanda\Без названия.png","Без названия.png"
"94","E:\PIc\Amanda_Lora\new amanda\a0db8de7-d738-4fa7-acd8-3cda1b8d0abd.png","a0db8de7-d738-4fa7-acd8-3cda1b8d0abd.png"
"95","E:\PIc\Amanda_Lora\new amanda\af06ea04-5e61-4f0e-ba4f-69a59f1dde0a.png","af06ea04-5e61-4f0e-ba4f-69a59f1dde0a.png"
"96","E:\PIc\Amanda_Lora\new amanda\amanda_cleaning_ladder_02.jpg","amanda_cleaning_ladder_02.jpg"
"97","E:\PIc\Amanda_Lora\new amanda\amanda_cleaning_under_table.jpg","amanda_cleaning_under_table.jpg"
"98","E:\PIc\Amanda_Lora\new amanda\b4a77309-703f-4830-ae7d-ef0ac0f2a8ac.png","b4a77309-703f-4830-ae7d-ef0ac0f2a8ac.png"
"99","E:\PIc\Amanda_Lora\new amanda\c35f7cfc-423a-4fb2-96d3-f122fbfa4a1f.png","c35f7cfc-423a-4fb2-96d3-f122fbfa4a1f.png"
"100","E:\PIc\Amanda_Lora\new amanda\content.png","content.png"
"101","E:\PIc\Amanda_Lora\new amanda\db56a10c-b907-465c-a9b7-b71172e6f220.png","db56a10c-b907-465c-a9b7-b71172e6f220.png"
"102","E:\PIc\Amanda_Lora\new amanda\image (1).jpg","image (1).jpg"
"103","E:\PIc\Amanda_Lora\new amanda\image (10).jpg","image (10).jpg"
"104","E:\PIc\Amanda_Lora\new amanda\image (11).jpg","image (11).jpg"
"105","E:\PIc\Amanda_Lora\new amanda\image (12).jpg","image (12).jpg"
"106","E:\PIc\Amanda_Lora\new amanda\image (13).jpg","image (13).jpg"
"107","E:\PIc\Amanda_Lora\new amanda\image (14).jpg","image (14).jpg"
"108","E:\PIc\Amanda_Lora\new amanda\image (15).jpg","image (15).jpg"
"109","E:\PIc\Amanda_Lora\new amanda\image (16).jpg","image (16).jpg"
"110","E:\PIc\Amanda_Lora\new amanda\image (2).jpg","image (2).jpg"
"111","E:\PIc\Amanda_Lora\new amanda\image (3).jpg","image (3).jpg"
"112","E:\PIc\Amanda_Lora\new amanda\image (4).jpg","image (4).jpg"
"113","E:\PIc\Amanda_Lora\new amanda\image (5).jpg","image (5).jpg"
"114","E:\PIc\Amanda_Lora\new amanda\image (6).jpg","image (6).jpg"
"115","E:\PIc\Amanda_Lora\new amanda\image (7).jpg","image (7).jpg"
"116","E:\PIc\Amanda_Lora\new amanda\image (8).jpg","image (8).jpg"
"117","E:\PIc\Amanda_Lora\new amanda\image (9).jpg","image (9).jpg"
"118","E:\PIc\Amanda_Lora\new amanda\image.jpg","image.jpg"
"119","E:\PIc\Amanda_Lora\Новая папка\image (1).jpg","image (1).jpg"
"120","E:\PIc\Amanda_Lora\Новая папка\image (10).jpg","image (10).jpg"
"121","E:\PIc\Amanda_Lora\Новая папка\image (11).jpg","image (11).jpg"
"122","E:\PIc\Amanda_Lora\Новая папка\image (12).jpg","image (12).jpg"
"123","E:\PIc\Amanda_Lora\Новая папка\image (13).jpg","image (13).jpg"
"124","E:\PIc\Amanda_Lora\Новая папка\image (14).jpg","image (14).jpg"
"125","E:\PIc\Amanda_Lora\Новая папка\image (15).jpg","image (15).jpg"
"126","E:\PIc\Amanda_Lora\Новая папка\image (16).jpg","image (16).jpg"
"127","E:\PIc\Amanda_Lora\Новая папка\image (17).jpg","image (17).jpg"
"128","E:\PIc\Amanda_Lora\Новая папка\image (18).jpg","image (18).jpg"
"129","E:\PIc\Amanda_Lora\Новая папка\image (19).jpg","image (19).jpg"
"130","E:\PIc\Amanda_Lora\Новая папка\image (2).jpg","image (2).jpg"
"131","E:\PIc\Amanda_Lora\Новая папка\image (20).jpg","image (20).jpg"
"132","E:\PIc\Amanda_Lora\Новая папка\image (21).jpg","image (21).jpg"
"133","E:\PIc\Amanda_Lora\Новая папка\image (22).jpg","image (22).jpg"
"134","E:\PIc\Amanda_Lora\Новая папка\image (23).jpg","image (23).jpg"
"135","E:\PIc\Amanda_Lora\Новая папка\image (24).jpg","image (24).jpg"
"136","E:\PIc\Amanda_Lora\Новая папка\image (25).jpg","image (25).jpg"
"137","E:\PIc\Amanda_Lora\Новая папка\image (26).jpg","image (26).jpg"
"138","E:\PIc\Amanda_Lora\Новая папка\image (27).jpg","image (27).jpg"
"139","E:\PIc\Amanda_Lora\Новая папка\image (28).jpg","image (28).jpg"
"140","E:\PIc\Amanda_Lora\Новая папка\image (29).jpg","image (29).jpg"
"141","E:\PIc\Amanda_Lora\Новая папка\image (3).jpg","image (3).jpg"
"142","E:\PIc\Amanda_Lora\Новая папка\image (30).jpg","image (30).jpg"
"143","E:\PIc\Amanda_Lora\Новая папка\image (31).jpg","image (31).jpg"
"144","E:\PIc\Amanda_Lora\Новая папка\image (32).jpg","image (32).jpg"
"145","E:\PIc\Amanda_Lora\Новая папка\image (33).jpg","image (33).jpg"
"146","E:\PIc\Amanda_Lora\Новая папка\image (34).jpg","image (34).jpg"
"147","E:\PIc\Amanda_Lora\Новая папка\image (35).jpg","image (35).jpg"
"148","E:\PIc\Amanda_Lora\Новая папка\image (36).jpg","image (36).jpg"
"149","E:\PIc\Amanda_Lora\Новая папка\image (37).jpg","image (37).jpg"
"150","E:\PIc\Amanda_Lora\Новая папка\image (38).jpg","image (38).jpg"
"151","E:\PIc\Amanda_Lora\Новая папка\image (39).jpg","image (39).jpg"
"152","E:\PIc\Amanda_Lora\Новая папка\image (4).jpg","image (4).jpg"
"153","E:\PIc\Amanda_Lora\Новая папка\image (40).jpg","image (40).jpg"
"154","E:\PIc\Amanda_Lora\Новая папка\image (41).jpg","image (41).jpg"
"155","E:\PIc\Amanda_Lora\Новая папка\image (42).jpg","image (42).jpg"
"156","E:\PIc\Amanda_Lora\Новая папка\image (43).jpg","image (43).jpg"
"157","E:\PIc\Amanda_Lora\Новая папка\image (44).jpg","image (44).jpg"
"158","E:\PIc\Amanda_Lora\Новая папка\image (45).jpg","image (45).jpg"
"159","E:\PIc\Amanda_Lora\Новая папка\image (46).jpg","image (46).jpg"
"160","E:\PIc\Amanda_Lora\Новая папка\image (47).jpg","image (47).jpg"
"161","E:\PIc\Amanda_Lora\Новая папка\image (48).jpg","image (48).jpg"
"162","E:\PIc\Amanda_Lora\Новая папка\image (49).jpg","image (49).jpg"
"163","E:\PIc\Amanda_Lora\Новая папка\image (5).jpg","image (5).jpg"
"164","E:\PIc\Amanda_Lora\Новая папка\image (50).jpg","image (50).jpg"
"165","E:\PIc\Amanda_Lora\Новая папка\image (51).jpg","image (51).jpg"
"166","E:\PIc\Amanda_Lora\Новая папка\image (52).jpg","image (52).jpg"
"167","E:\PIc\Amanda_Lora\Новая папка\image (6).jpg","image (6).jpg"
"168","E:\PIc\Amanda_Lora\Новая папка\image (7).jpg","image (7).jpg"
"169","E:\PIc\Amanda_Lora\Новая папка\image (8).jpg","image (8).jpg"
"170","E:\PIc\Amanda_Lora\Новая папка\image (9).jpg","image (9).jpg"
"171","E:\PIc\Amanda_Lora\Новая папка\image.jpg","image.jpg"
